actor,movie_or_TV_name
Klaus Peeter Rüütli,"Tenet,The Renovation,Klassikokkutulek 3: Ristiisad,The Little Comrade"
Evodius Rumisha,"Ndomu,Tenet"
Indrek Sakkeus,"Tenet,Green Cats"
Daniel Olesk,"Omerta 12/6,Tenet"
Ronald Pelin,"December,Tenet,The Bridge,Zaytsev+1,Sõprus-Druzhba"
Aleksei Podlesnov,"Tenet,Take It or Leave It,Green Cats,The End of the Chain,Leshy,The Dissidents,Astrid,Kättemaksukontor,Pilvede all,Astrid"
Justice F W Pelton,"Recruiters: Mission First,V for Valor,Troops Gone Wild,Off to See the Wizard,Meanwhile in the Field,Drone Boyz,A Grunt's Life"
Katie McCabe,"Overbooked,Metal Lords,Space Jam: A New Legacy,Bliss,Home,Tenet,Tacoma FD,The Rookie,Modern Family,You,The House,CHIPS,Lethal Weapon,Major Crimes,The Kicks,Love Is All You Need?,Jane the Virgin,NCIS: Los Angeles,W/Bob and David,It Had to Be You,Drunk History,Adam Ruins Everything,Body High,Ted 2,Battle Creek,Scorpion,The Mindy Project,New Girl,Dating in LA and Other Urban Myths,Popcorn,Runaway Robber: Inadmissible,Joke Date,Runaway Robber,A Country Christmas Story,Goodbye, Simon,The Pretenders,Path to Darkness,Crackhorse Presents,Here Comes the Boom,Return of the Black Queen,Ted,Below the Line,Knight and Day,My Best Friend's Girl,Ready? OK!,27 Dresses"
Juhan Ulfsak,"Omerta 12/6,Violence,The Last Ones,Tenet,Thin Ice,Helene,Virago,Phantom Owl Forest,The Little Comrade,Mehetapja/Süütu/Vari,Miami,The Days That Confused,Roukli,Concrete Night,Mushrooming,Kelgukoerad,Odinokiy ostrov,The Idiot,Vahetus,Rotilõks,Punane elavhõbe,The Temptation of St. Tony,Amatöörid,Tujurikkuja,December Heat,I Love My Job,Autumn Ball,186 Kilometers,The Power of Fear,Ruudi,Tabamata ime,Empty,Shop of Dreams,Mat the Cat,Palava rakkaus,Hysteria,Lammas all paremas nurgas,Doktor Stockmann,Giordano"
Lisa Marie,"Broken at Love,Tenet,The Last of Us: Part II,Pump,Cabal,Once Upon a Text,Monogamy,Don't Judge Me!,Dr. Ken,New Elé,Stalked by My Doctor: The Return,The Thundermans,Pocket Listing,Jennifer Lopez Ft. Iggy Azalea: Booty Parody,Pitbull Ft. Jennifer Lopez: We Are One (Ole Ola) 2014 World Cup Song PARODY"
Matthew McDonald,"Wheels of Fortune,Tenet,Free Think: War Bots,Olden Times,Meter Made"
Ingrid Margus,"Silenceless,The Women's War,Tenet,Kättemaksukontor,Lõks,Klassikokkutulek 3: Ristiisad,Madame K,Klassikokkutulek 2: Pulmad ja matused,Merivälja,The Days That Confused,Zero Point"
Glenn Lawrence,"Deltopia,Sirens,Toke N Choke Dispensary,Mind Dates,Interview with the Antichrist,Deck the Halls - Christafari,Tenet,The Open Contract,Please Don't Hit Me,Social Distancing,Asking Alexandria: Anti-Socialist,Coffee Shop Names,Granny Knows Best"
Artur Lago-V,"Who Is Dr. Gilgallon?,L.A. Salad,Tenet,Romeo and Juliet,Penny Dreadful: City of Angels,Satisfied,The Omega Series,Time to Come Home,No Fancy Ride,The Janitor,Deadliest Warrior"
Arnold Montey,"Tenet,The Old Guard,The Invisible Man,Little Women,The Souvenir,Green Book,Widows,Darkest Hour,Baby Driver,Get Out,T2 Trainspotting,Fantastic Beasts and Where to Find Them,Inferno,Nocturnal Animals,La La Land,Star Wars: Episode VII - The Force Awakens,Star Trek Wars,Spectre,The Martian,Steve Jobs,Macbeth,Grayson: Earth One,Testament of Youth,The Theory of Everything,The Imitation Game,Calvary,Whiplash,12 Years a Slave,Prisoners,Doctor Who: The Forgotten Doctor,Django Unchained,Seven Psychopaths,Star Trek: Secret Voyage,Prometheus,Tinker Tailor Soldier Spy,The Help,The Battle of Hogwarts,The Social Network,Inception,Shutter Island,A Single Man,Inglourious Basterds,Angels & Demons,Gran Torino,Star Trek: Federation One,Quantum of Solace,Star Trek: Osiris,In Bruges,There Will Be Blood,Eastern Promises,Atonement,Star Trek: Intrepid,Hot Fuzz,Casino Royale,The Departed,The Da Vinci Code,V for Vendetta,Pride & Prejudice,Batman Begins,Star Wars: Episode III - Revenge of the Sith,Million Dollar Baby,Layer Cake,Vera Drake,Cold Mountain,Gangs of New York,The Lord of the Rings: The Two Towers,The Pianist,Star Wars: Episode II - Attack of the Clones,A Beautiful Mind,The Lord of the Rings: The Fellowship of the Ring,Vanilla Sky,The Score,Mulholland Drive,Almost Famous,Snatch,Gladiator,Magnolia,The Green Mile,Topsy-Turvy,Star Wars: Episode I - The Phantom Menace,Rushmore,The Truman Show,Jackie Brown,Boogie Nights,Gattaca,The Full Monty,Hamlet,Trainspotting,Apollo 13,Braveheart,Casino,Shallow Grave"
Martin Tõnumaa,Tenet
Jess Weber,"Blood of the Patriot,Nicholas of Myra: The Story of Saint Nicholas,Cypher,Tenet,Eugima's Village,Accident, Suicide or Murder,Outbreak,Murdered by Morning,Big Break,Grace Is Gone,Withdrawal,The Bunker,Cleric,Scarlet Samurai: Incarnation,The Owner of the Universe,Fable: Teeth of Beasts,Song of the Shattered,When Soldiers Cry,Red Scream Vampyres,The nVa Bunker,Vlog,Red Scream Nosferatu,Tomorrow for a Dollar,FrightWorld"
Krystal Vayda,"Dreamcatcher,Tenet,Thor: Ragnarok,Get the Girl,Consult and Conquer,Murder in the First,Soulmates,Charlie, Trevor and a Girl Savannah,Crucero,The Chosen,Away Team,The Dead of Night,KidSmartz,S.W.A.T."
Carina Velva,"Due Justice,Beach Squad,X: The End Time,Searching 4U,Tenet"
Alex Wexo,"Tenet,Ford v Ferrari,Janelle Monáe: Dirty Computer,Agents of Mayhem,20th Century Women,Straight Outta Compton,Mad Men,General Hospital,Emotions,Major Crimes: Crossing the Tape - Inside the Major Crimes Squad,Days of Our Lives,I Am Singh,The Quickening,The Mentalist,Eleventh Hour,Entourage,Dexter,The Unit,Nip/Tuck,Alias,CSI: Crime Scene Investigation,Medical Investigation,Point Pleasant,The Invisible Man,The Pretender,V.I.P.,Ground Control,Brooklyn South,NYPD Blue,Weapons of Mass Distraction,Volcano,Spy Game,Buffalo Heart,Diagnosis Murder,Melrose Place,Suspect Device,Lois & Clark: The New Adventures of Superman,A Few Good Men,The Bold and the Beautiful,Jake and the Fatman,Knots Landing,Matlock,The Doors"
Collin Shay,"Broken Layers,I Want to Thank the Academy,Tenet,What Could You Do,Blindsided,Bad Faith"
Anton Klink,"Erna i krig,Tenet,Täitsa lõpp,Men at Arms"
Caleb Spillyards,"The System,Avatar 3,Spider-Man: No Way Home,Red Notice,Kate,Black Lightning,Paradise City,Tenet,Crown of Blood,Run Sweetheart Run,Birds of Prey,Animal Kingdom,Magnum P.I.,Blush,NCIS: New Orleans,The Gifted,The Last Ship,Timeless,Here and Now,Agents of S.H.I.E.L.D.,9-1-1,The Night Shift,Shameless,Into the Badlands,Shark Island"
Michael Kolb,"Paper Cranes,In the Blood,Letters: The Art of Grieving,Cicada Song,Secret Obsession,Last Words,I Might Be Famous,That's the Gag,Blank Canvas"
Zach Kaltenbach,"Silent Knights: Task Force X,The Forever Purge,Hallows' Eve 2020,Them,Songbird,The Black Friend,Tenet,How to Get Away with Murder,10 Minutes Gone,Point Blank,Extremely Wicked, Shockingly Evil and Vile,Black Monday,The Old Man & the Gun,White Boy Rick,Reprisal,My Teacher, My Obsession,Regrets"
Mark Krenik,"The Color of Truth Is Grey,Cartelifornia,John Kincaid Unleashed 2 Haunted,Lost Agents,My Red Neck Neighbor,No Name and Dynamite Davenport,Shooting Star,Suicide by Cop,Wordsmith,Sick Day,The Men in My Life,Girls Code,Maze of Fate,The Push,Under the Lantern Lit Sky,A Gunman's Hand,Suggestion Box - Pilot,A Seasonal Thing,Sounds of Silence,Skazhi ey,The Forever Purge,F9: The Fast Saga,Elephant Stomp,Desert Acid Opera,The Circuit 2020-,Lazarus,An Hero,Kilroy,The Outlaw of The Outlaws,The Devil's Highway.,Twisted Love,The Prom,Real Murders of Orange County,Always and Forever,Last Three Days,Cholo Zombies,Hitter Twist,Tenet,Betrayed,Legacy,Reasonable Doubt,Egg,Apartment 391,In Ice Cold Blood,Demi Lovato: I Love Me,Final Frequency,The Message,The Call of the Wild,Sangre Negra,Black-ish,Lisa's World,Lockdown,Love in a Lifetime,Twisted Sisters,Up and Vanished,His Deadly Affair,Hold On,The Object of Murder,A Dance Story,Micayla De Ette: Hold On (English Director's Cut),Die for a Dollar,Jane,Samir,The Holzer Files,Blood Tulips,Before the Dawn,NCIS,Dolemite Is My Name,Ford v Ferrari,GLOW,Big Little Lies,1BR,Baskets,Tree #3,Master Chancla,S'ids Lake,Underdog,Stories from Our Future,Hope,Once Upon a Time... In Hollywood,Roads, Trees and Honey Bees,Malcolm,SEAL Team,Bosch,The Pining,Maybe I'm Fine,Balloon,Hollywood,Tijuana,Ms. Purple,Black Monday,Psychedelic Psychopaths,The Seventeen Deaths of Edgar Allan Poe,Frank and Us,Get the Sun,In the Dino,Somerset,The Patriot,The Saver,Who Does It Better?,Master Chankla,The Oracle of Nunchucku a Master Chankla Series,Crazy Ex-Girlfriend,Kodak Black: Calling My Spirit,People Magazine Investigates,The Coroner: I Speak for the Dead,Halo: The Rebellion,Santa Fe Station,Homecoming,Black Knuckle and Deputy Maltese,The Final Wish,Rusty Tulloch,Dance of Vengeance,Street Dreams: Los Angeles,The Art of Murder,The Uber Chronicles,Unbroken: Path to Redemption,The Faces From Mars,The Opiate Diaries,A Girl Named Jo,Riley Parra,In the Air,What's in the Box?,Real Life,Juba the iraqi sniper the untold story,Deadly Matrimony,Zoe's Home for Any and All Animals,Westworld Parody,Ronnie,Life Line,If This Is Wrong,Course of the Just,Prison Muscles,Frank Blue,Anna Ivanova: Ne vernus,Mundo: From Altar Boy to Hitman,Groovy,Court of Appeals,Amores De Peso,Married with Secrets,Peeking Out the Window,Reverie,Whiteblood,The Trouble with Mistletoe,Evil Things,Gangster Land,The Lost,Calico Queens,Hollywood Horrors,Starved,Love Me Do,I Hate Mondays,The Prisoner,Criminal Confessions,Now or Never,Life Is Funny,Life Is Funny,The Grey Area,The American Way,The Glue That Binds Us,Fight or Die,City Full of Angels"
Loora-Eliise Kaarelson,"Apteeker Melchior,Tenet,Reetur,Helene,Truth and Justice,The Little Comrade"
Viktoria Jelizarova,"Veden vartija,Minsk,Mädät omenat,The Women's War,White Snow,Tenet,Reetur"
Kenneth Wolf Andersen Haugen,"RE-Human,Brother's Revenge,Last Man Down,A Strange Meeting,Tenet,Beforeigners,Twin,Russian Love,Heimebane,Rekyl,Unge lovende,Sara's Intimate Confessions,Blank,One Night"
Phil DiGennaro,"The Tragedy of Macbeth,If She Screams,Tenet,Birds of Prey,Murder Loves Company,Buried in the Backyard,Murder for Hire,Jimmy Kimmel Live!,Bird Box,Alone Together,Westworld,Bodied,Cold Case Files,Brooklyn Nine-Nine,Murderous Affairs,Mascots,Hurricane 360,Arrested Development,Rizzoli & Isles"
Michael Cox,"Space Jam: A New Legacy,Tenet,Deadwood: The Movie,Kill Me,Once Upon a Time... In Hollywood,Better Things,Crazy Love,A Star Is Born,Westworld,LA to Vegas,The Time Capsule,Girlboss,Ultimate Redemption,Damian 'Jr. Gong' Marley: Nail Pon Cross,In an Instant,The Time of Our Life,Aquarius,American Rescue Squad,The Center,Machination,Beerly Loaded,Best Man Down,The Retirement of Joe Corduroy,Wingman,Alright Then,SomeFangs,Gods' Green Earth,The U-Brew"
Ross Donnelly,"Transformers: Rise of the Beasts,Wrongfully Convicted,Mission: Impossible 7,Jurassic World: Dominion,Operation Mincemeat,Munich: The Edge of War,No Time to Die,Tenet,Eurovision Song Contest: The Story of Fire Saga,De Gaulle,Final Score,Safe,The City and the City,Red Sparrow,The Children Act,Dunkirk,Close to the Enemy,Noir,Exodus to Shanghai,Londongrad,Narcopolis,Breaking the Bank,The Game,Decline of an Empire,Noble,Jack Ryan: Shadow Recruit,The List,The Counselor,Parks and Recreation,Hunted,Hatfields & McCoys,Captain America: The First Avenger,Stolen,Carmen's Kiss,Westbrick Murders,The Day of the Triffids,Sherlock Holmes,Blue Murder,Desert Flower,The Damned United,Last Chance Harvey,Telstar: The Joe Meek Story,Doomsday,Eastern Promises,Sex, the City and Me,Fantastic 4: Rise of the Silver Surfer,Five Days,Casino Royale,Pierrepoint: The Last Hangman,Goal! The Dream Begins,Night People,Heatwave,Twisted Tales,Cargo,Code 46,American Cousins,Dirty Pretty Things,Reign of Fire,Urban Gothic,Band of Brothers,Pearl Harbor,Sword of Honour,The Lakes,Breakout,Butterfly Kiss,Coronation Street,Framed,A Time to Dance,The Rainbow,Floodtide,Strong Medicine"
Kadrolsha Ona Carole,"Mob 4 God,Hunter of Humans,Princess Andrea,Realm of the Waterfall,Vice Squad: NYC,Attack of the Killer Chickens: The Movie,Lolipop Gang,Family Property 2: More Blood,Relationship Killers,The CruciFire,Morbius,Halloween Kills,Scary Paranormal Movie,Godzilla vs. Kong,Worcester Zombie Dept,The Flight Attendant,Running Away from the Unknown,Tenet,The Old Guard,Eurovision Song Contest: The Story of Fire Saga,Stargirl,Little Fires Everywhere,A Quiet Place Part II,The Hater,NCIS: New Orleans,Manifest,Nine Days,The Witcher,The Mandalorian,Supernatural,Reprisal,The Morning Show,The Walking Dead,Batwoman,Bull,NCIS,Modern Family,Bad Education,Joker,City on a Hill,Stranger Things,A Call to Spy,Once Upon a Time... In Hollywood,The Big Bang Theory,John Wick: Chapter 3 - Parabellum,Chernobyl,The Short History of the Long Road,Game of Thrones,Mommy Would Never Hurt You,The Dirt,Riverdale,The Vast of Night,Confessions of Nick Sargenti and the Lolipop Gang,The Village Idiots of Dudleytown,Silent Times,Toxic Tutu,The Post,John Wick: Chapter 2,How to Get Away with Murder,Captain America: Civil War,Midnight Special,Creed,Straight Outta Compton,John Wick,X-Men: Days of Future Past,12 Years a Slave,Iron Man 3,The Avengers,The Expendables,National Treasure: Book of Secrets,Spider-Man 3,Lycan Colony,King Kong,Constantine,Anchorman: The Legend of Ron Burgundy,Zoolander,Meet Joe Black,Independence Day,The Witches of Eastwick,The Running Man,Labyrinth,Ghostbusters,1900,Ghost in the Noonday Sun"
Trent Buxton,"The Dim Hostel,Soul of Sin City,Secular Soulmates,Dog,Paragon,The I Ching Lawyer,Tenet,Necro-Maniac,Zmobia,Unspoken,Eternal Life,The Interrogation,Behind Closed Doors,Paradise,Private Room,Unhinged,Bloody Weekend"
Jennifer Brofer,"Into Light,Evan Wood,Library Soulmate,Because of You,Exes,Another Time,Tender,Group-Ease,Without End: A Fractured Fairytale,Of Nature,Baker's Alley,Total Divas,Here with Me,A Death in Vegas,The Passage,Counting Calories,Marines Headlines"
Jimmy Star,"The Jimmy Star Show with Ron Russell,Around the Table with Ron and Jimmy"
Bern Collaço,"The Batman,Morbius,Silent Witness,Hitman's Wife's Bodyguard,Cruella,McDonald & Dodds,Grace,The Serpent,The Crown,Jingle Jangle: A Christmas Journey,C.B. Strike,Tenet,Cursed,The Salisbury Poisonings,Killing Eve,Gangs of London,Hetty Feather,Grantchester,The Courier,Dolittle,War of the Worlds,Britannia,A Confession,Pennyworth,Poldark,The Flood,Men in Black: International,Rocketman,Aladdin,Pokémon Detective Pikachu,Hellboy,Dumbo,Fighting with My Family,Manhunt,Mary Poppins Returns,Slaughterhouse Rulez,My Dinner with Hervé,Press,The Angel,Final Score,Patient Zero,Christopher Robin,Holby City,The Split,In Darkness,Show Dogs,Kiss Me First,Annihilation,The Commuter,Phantom Thread,Star Wars: Episode VIII - The Last Jedi,Murder on the Orient Express,Electric Dreams,Justice League,The Foreigner,American Assassin,Transformers: The Last Knight,War Machine,Wonder Woman,Doctor Who,Guerrilla,Stratton,The Hippopotamus,The Sense of an Ending,Midsomer Murders,Scenarios Inc (Holo Haven),The Last Dragonslayer,Rogue One: A Star Wars Story,Allied,Fantastic Beasts and Where to Find Them,Doctor Strange,Denial,Trespass Against Us,Bridget Jones's Baby,Guilt,100 Streets,Now You See Me 2,Me Before You,The Take,Undercover,Love Inc (the Love Machine),London Has Fallen,The Brothers Grimsby,Genius,Lucky Man,Dignity Demands a Verdict,Mindplant: Trimorphia,Boomers,Star Wars: Episode VII - The Force Awakens,You, Me and the Apocalypse,Bull,Spectre,Burnt,Remainder,The Lady in the Van,Londongrad,Legend,Everest,Kill Your Friends,The Man from U.N.C.L.E.,Mission: Impossible - Rogue Nation,Critical,Ballot Monkeys,Broadchurch,The Gunman,The Lovers,Woman in Gold,Walter,The Boy in the Dress,Kingsman: The Secret Service,Into the Woods,Paddington,EastEnders,Big School,The Riot Club,Before I Go to Sleep,Guardians of the Galaxy,Hyena,Edge of Tomorrow,Plastic,Muppets Most Wanted,Babylon,Jack Ryan: Shadow Recruit,Thor: The Dark World,Infected,The Counselor,One Chance,Dom Hemingway,Rush,Philomena,Closed Circuit,Top Boy,New Tricks,About Time,Fast & Furious 6,Redemption,Jonathan Creek,Gambit,Hunted,Skyfall,Bad Education,Cocktail,Tezz,Seconds from Disaster,John Carter,The Girl with the Dragon Tattoo,The Best Exotic Marigold Hotel,Wild Bill,MI-5,Johnny English Reborn,Salmon Fishing in the Yemen,One Day,Scoop,Page Eight,Pirates of the Caribbean: On Stranger Tides,The Veteran,Gulliver's Travels,Excluded,The Special Relationship,Gigglebiz,Health and Efficiency,Milner"
Nick Benseman,"Babylon,Lou,Vultures,Knock Knock Room,Spider-Man: No Way Home,Red Notice,Jungle Cruise,Tenet,The Hunt,Birds of Prey,El Camino: A Breaking Bad Movie,Captain Marvel,Vice,Point Defiance,Cynthia,A-X-L,The Darkest Minds,The Joel McHale Show with Joel McHale,The First Purge,Lethal Weapon,Juveniles,Diamond Dayze,K.C. Undercover,The Saint,Nun,The Veil,Sandy Wexler,Agents of S.H.I.E.L.D.,The Fate of the Furious,Love,Black-ish,Kubo and the Two Strings,Paradox,The Brothers Grimsby,Shameless,Agent Carter,The 5th Wave,RocketJump: The Show,This is Sinterklaas,Agent X,CSI: Cyber,Eminem: Phenomenal,Wet Hot American Summer: First Day of Camp,Henry Danger,The Messengers,Mortal Kombat X: Generations,Power Rangers,CSI: Crime Scene Investigation,The Mentalist,Fury,Logic: Under Pressure,Leo,Legends,Teenage Mutant Ninja Turtles,Unfriended,Flashing,Cooties,Ride Along,It's Dark Here,Jet Set,Anchorman 2: The Legend Continues,The Hunger Games: Catching Fire,Call of Duty: Ghosts,Percy Jackson: Sea of Monsters,Payday,Raze,Parker,Prisoner 614,Call of Duty: Black Ops II,Last Resort,Snow White and the Huntsman,Terminator: Termination,Grey's Anatomy,Bad Guy,Call of Duty: Modern Warfare 3,In Time,Lyla Wolf: Infractus,Detention,Medium,The Fighter,Numb3rs,Superhero Movie,CSI: NY,Hulk"
Schezaad Ausman,"You Above All,Tenet,The Rain,Happy and You Know It,Roman Chapter 36,Silence Please,Where Is Carmen?,CollegeHumor Originals,White House Down,Noon,Blue Lagoon: The Awakening"
Marek Angelstok,"Mädät omenat,Tenet"
Jimmy Avila,"No Name and Dynamite Davenport,The Circuit 2020-,The Outlaw of The Outlaws,The Devil's Highway.,Tenet,Betrayed,Legacy"
Anterro Ahonen,"Erna i krig,Dawn of War,Tenet"
Seb Carrington,"Wild Hearts,Tenet,Summer of Rockets,Stu, My Name is Stu,Father Brown,The Crown,Old Bones"
Sean Avery,"The Last 15 Minutes,Rise Together: The Councilman,Kevin Can F**k Himself,Blackjack: The Jackie Ryan Story,Tenet,Spree,Matilda, an urban ghost story,Dom,Mile 22,One Eye Small,Patriots Day,The Rocket"
Rain Tolk,"The Women's War,Tenet,My Dear Corpses,Asjad, millest me ei räägi,Chasing Unicorns,From Matti with Love,Madame K,Paha lugu,Merivälja,Minu näoga onu,Dreamfish,The Spy and the Poet,Borders,Umbkotid,Taevalaul,The Temptation of St. Tony,Pangarööv,Joan of Arc,Kuraditõestus,Sauna,Autumn Ball,Kelgukoerad,186 Kilometers,The Power of Fear,Empty"
Henrik Kalmet,"Sandra Gets a Job,Tenet,Chasing Unicorns,The End of the Chain,The Dissidents,The Polar Boy,Pink Cardigan,1944,Elo,Zero Point,Riigimehed,Kõks"
John Douglas,"Bust Down,Boogie,Tenet,Hawaii Five-0,Freshman Year,S.W.A.T.,Girls on the River,New Amsterdam,The Fringe of Existence,13 Reasons Why,Dirt,Helen's Last Love,Jacob + Malika,Ballers,Love Kills,August Falls,Metamorphosis: Junior Year,Repatriation,Wives with Knives,Flesh,I (Almost) Got Away with It,Murder in the First,A Million Miles Away,American Wrestler: The Wizard,Kicks,Exposed,Sex Sent Me to the Slammer,Looking,Quitters,Betas,The Internship"
Matthew Marsden,"Reacher,Maria De Luna,A Hui Hou,Deadlock,Love on the Rock,Tenet,Piranha Blood Lake,I Am That Man,Disappearance,S.W.A.T.: Under Siege,Savage Dog,Charlie's Gift,Dead South,Apartment 407,Castle,Bounty Killer,Two and a Half Men,Henry,Atlas Shrugged: Part I,Nikita,Eyes to See,Sees Me Through,Madso's War,Transformers: Revenge of the Fallen,Emily's Reasons Why Not,Rambo,The Evolution of 'Resident Evil': Bridge to Extinction,Ghost Whisperer,Resident Evil: Extinction,NCIS,DOA: Dead or Alive,Tamara,CSI: Miami,Anacondas: The Hunt for the Blood Orchid,Helen of Troy,The Legacy,Black Hawk Down,North Square,Shiner,Matthew Marsden Feat. Destiny's Child: She's Gone,Coronation Street,Island,The Sun Sisters,Emmerdale Farm,The Young Americans"
Sergo Vares,"Tenet,The Bank,McMafia,Mehetapja/Süütu/Vari,Hamlet,Kättemaksukontor,Päikese Poole,The Idiot,IT-planeet,Klass - Elu pärast,Tujurikkuja,December Heat,Ohtlik lend,Lotte from Gadgetville,Men at Arms"
Adam Cropper,"Beautifully Flawed,Bright,King Richard,Good Girls,Unbound,Tenet,Relish,Big Little Lies,Fruit Fly,Timeless,The Meanest Man in Texas,Dream Center,Goliath"
Fiona Dourif,"Unsinkable,The Medium,Red Bird Lane,Dangerous Words from the Fearless,Chucky,The Shuroo Process,The Blacklist,The Stand,Helstrom,Utopia,Tenet,Exterminator,#LifeOnAir,The Purge,Shameless,Dirk Gently's Holistic Detective Agency,Cult of Chucky,Safe,When We Rise,Still Single,Her Last Will,Blood Is Blood,Arbor Demon,Chasing Gold,Mafiosa,Manhattan,The Player,Rizzoli & Isles,Quarantine,Fear Clinic,Gutshot Straight,She,Curse of Chucky,This Is Caroline,The Master,Cold Living,The Protector,True Blood,Letters from the Big Man,After the Fall,Athena,Bored to Death,The Messenger,Frank the Rat,Law & Order: Special Victims Unit,Garden Party,The Lucky One,Little Chenier,Thief,Deadwood"
Kaspar Velberg,"Firebird,Tulejoonel,Riders of Justice,Tenet,Mihkel,Three August Days,The Polar Boy,Viimane võmm,1944,Kättemaksukontor"
Kenneth Branagh,"""This Sceptred Isle"",Fireheart,Death on the Nile,Tenet,Twisted Tales of Love,Upstart Crow,All Is True,Avengers: Infinity War,Murder on the Orient Express,Dunkirk,Branagh Theatre Live: The Entertainer,Mindhorn,Wallander,Branagh Theatre Live: The Winter's Tale,Jack Ryan: Shadow Recruit,Macbeth,London 2012 Olympic Opening Ceremony: Isles of Wonder,My Week with Marilyn,Prodigal,Masterpiece Mystery,The Boat That Rocked,Valkyrie,10 Days to War,Alien Love Triangle,Sleuth,The Bible Revolution,American Experience,Warm Springs,Five Children and It,Shackleton,Harry Potter and the Chamber of Secrets,Rabbit-Proof Fence,Walking with Prehistoric Beasts,Short6,Conspiracy,Schneider's 2nd Stage,How to Kill Your Neighbor's Dog,The Road to El Dorado,Love's Labour's Lost,The Periwig-Maker,The Book That Wrote Itself,Wild Wild West,Will Smith: Wild Wild West,The Dance of Shiva,The Theory of Flight,Celebrity,The Proposition,The Gingerbread Man,Hamlet,Othello,Performance,Mary Shelley's Frankenstein,Omnibus,Much Ado About Nothing,Swing Kids,Peter's Friends,Dead Again,Look Back in Anger,Henry V,Thompson,Coming Through,American Playhouse,Lorna,The Lady's Not for Burning,Fortunes of War,High Season,Theatre Night,A Month in the Country,The Boy in the Bush,Play for Today,Maybury,To the Lighthouse,Play for Tomorrow,Chariots of Fire"
Aaron Taylor-Johnson,"Kraven the Hunter,Rothko,Bullet Train,The King's Man,Calls,Rhye - Black Rain,Tenet,The Last Meal,A Million Little Pieces,Outlaw King,The Wall,Nocturnal Animals,Avengers: Age of Ultron,Family Guy,Godzilla,Captain America: The Winter Soldier,Kick-Ass 2,Anna Karenina,Savages: The Interrogations,Savages,Albert Nobbs,R.E.M.: Überlin,Chatroom,Kick-Ass: The Game,Kick-Ass,Nowhere Boy,The Greatest,Angus, Thongs and Perfect Snogging,Dummy,Coming Up,Nearly Famous,Talk to Me,Sherlock Holmes and the Baker Street Irregulars,The Magic Door,I Shouldn't Be Alive,Fast Learners,Casualty,The Best Man,The Illusionist,The Thief Lord,Dead Cool,Feather Boy,Family Business,The Bill,Behind Closed Doors,Shanghai Knights,Tom & Thomas,Armadillo,The Apocalypse"
Jan Uuspõld,"Mees otsib naist,Eesti matus,Kratt,Tenet,Asjad, millest me ei räägi,Raggie,Lahutus Eesti moodi,The Old Man: The Movie,Klassikokkutulek 3: Ristiisad,Sipoon Herttua: Duke of Sipoo,Mehetapja/Süütu/Vari,Svingerid,The Spy and the Poet,Takso,Free Range,Alpimaja,Kättemaksukontor,Teise mehe pea,Vasha,Wremja,Brigaad 3,Kelgukoerad,186 Kilometers,Ohtlik lend,Rikospoliisi ei laula,Hundi agoonia,Ruudi,Frank & Wendy,Pehmed ja karvased,Somnambulance,Family Business,Made in Estonia,Ladybirds' Christmas,Siperian Nero!,Ränk ja Kilk,Three Stories About...,Kõrbekuu"
Tony Christian,"The Batman,Mightier Than the Sword,Kittiwakes,Last Night in Soho,Black Widow,F9: The Fast Saga,Wonder Woman 1984,The Emily Atack Show,Blithe Spirit,Tenet,Artemis Fowl,Magic Lighter,Miranda: My Such Fun Celebration,Pennyworth,Angel Has Fallen,Britain's Got Talent,Gentleman Jack,Home,This Time with Alan Partridge,The Kid Who Would Be King,Holmes & Watson,Mowgli: Legend of the Jungle,Dark Heart,Overlord,Johnny English Strikes Again,Outlaw King,The Favourite,Patient Zero,Jurassic World: Fallen Kingdom,The Keith and Paddy Picture Show,Solo: A Star Wars Story,Tomb Raider,Star Wars: Episode VIII - The Last Jedi,Paddington 2,The Current War: Director's Cut,Darkest Hour,Will,Transformers: The Last Knight,Alien: Covenant,B&B,Bitter Harvest,The Double Cross,Assassin's Creed,Rogue One: A Star Wars Story,Allied,Bridget Jones's Baby,The Living and the Dead,The Legend of Tarzan,Now You See Me 2,The Hollow Crown,Alice Through the Looking Glass,Criminal,The Huntsman: Winter's War,London Has Fallen,The Brothers Grimsby,Pan,Man Down,The Enfield Haunting,Avengers: Age of Ultron,The Gunman,Jupiter Ascending,Mortdecai,Father Brown,Babylon,Exodus: Gods and Kings,Fury,Kick,Cuban Fury,Vampire Academy,The Film-Maker's Son,NTSF:SD:SUV,Kick-Ass 2,World War Z,Game of Thrones,Utopia,Gangs of Tooting Broadway,Les Misérables,Nativity 2: Danger in the Manger!,Private Peaceful,London 2012 Paralympic Closing Ceremony: Festival of Flame,Keith Lemon: The Film,Casualty,Snow White and the Huntsman,Outside Bet,Prometheus,Cleanskin,Sherlock Holmes: A Game of Shadows,War Horse,The Great Ghost Rescue,Johnny English Reborn,Tinker Tailor Soldier Spy,Sirens,Waking the Dead,Attack the Block,Shameless,Hereafter,4.3.2.1.,Robin Hood,Housefull,The Wolfman,Harry Potter and the Half-Blood Prince,Eden Lake,Ashes to Ashes,National Treasure: Book of Secrets,The Golden Compass,Holby City,Fred Claus,28 Weeks Later,Vincent,Children of Men,Stormbreaker,The Da Vinci Code,The Best Man,Inspector Lewis,Keeping Mum,Breakfast on Pluto,55 Degrees North,The Giblet Boys,The Phantom of the Opera,National Treasure,Conviction,Barking!,Mickybo and Me,King Arthur,The Great Challenge,Harry Potter and the Prisoner of Azkaban,Passer By,M.I.T.: Murder Investigation Team,Harry Potter and the Chamber of Secrets,River City,Heartbeat"
Jack Cutmore-Scott,"Jury Duty,The Epic of Gilgamesh, the King Who Tried to Conquer Death,What Happens When You Die? A Poetic Inquiry,The Myth of the Stolen Eyeballs,Jabberwocky: One of Literature's Best Bits of Nonsense,Tenet,The Tale of the Doctor Who Defied Death,Hawaii Five-0,All the World's a Stage by William Shakespeare,Hamlet 360: Thy Father's Spirit,Magnum P.I.,Deception,Bad Match,Dunkirk,Cooper Barrett's Guide to Surviving Life,The Go-Between,Cabot College,Kingsman: The Secret Service"
Julia-Maria Arnolds,"Phizer,Hope?,Tenet,Why,Hymns of Abarise - Megan,Boring,Zweimal über den Horizont"
Marcel Sabat,"Papiery na szczescie,Ostatnie pozegnanie,Television Theater,Summer 43,Tenet,Kod genetyczny,Conspirators,Zakochani po uszy,The Windermere Children,Black Mercedes,Slad,Odwróceni. Ojcowie i córki,Serce nie sluga,The Butler,Przyjaciólki,Ojciec Mateusz,M jak milosc,Komisarz Alex,Cursed,Komisja morderstw,Za niebieskimi drzwiami,Dark Crimes,Jesli czytasz te slowa,Thin Ice,Wydech,Stones for the Rampart,Facet (nie)potrzebny od zaraz,Persistence,Lasting,1920. Wojna i milosc,Tomorrow When You Sleep"
Laurie Shepherd,"The Pursuit of Love,Tenet,Four Weddings and a Funeral,Victoria"
Tom Nolan,"Dune Drifter,Tenet,A Fistful of Lead,Dunkirk,Ministry of Secrets: Delivery Boy,Batman Begins"
Himesh Patel,"The Amazing Maurice,Station Eleven,Don't Look Up,Enjoy,Tenet,The Luminaries,Avenue 5,The Aeronauts,Is This Life?,Yesterday,London Calling: Brit Shorts,Damned,Motherland,Climaxed,The Fox,Rapscallions,EastEnders,Two Dosas,Children in Need,Tamwar Tales: The Life of an Assistant Market Inspector,EastEnders: All I Want for Christmas Is...,EastEnders: E20"
Elizabeth Debicki,"Farnsworth House,Guardians of the Galaxy Vol. 3,The Crown,Peter Rabbit 2: The Runaway,Tenet,The Burnt Orange Heresy,Vita & Virginia,Widows,Flopsy Turvy,The Cloverfield Paradox,Peter Rabbit,The Tale,Breath,Valerian and the City of a Thousand Planets,7 from Etheria,Guardians of the Galaxy Vol. 2,The Kettering Incident,The Night Manager,Everest,The Man from U.N.C.L.E.,Macbeth,Rake,Gödel Incomplete,The Great Gatsby,A Few Best Men"
Anthony Molinari,"Dream,Chip 'n' Dale: Rescue Rangers,Untitled Lakers Project,Lola James,The Last Deal,Everything Everywhere All at Once,Licorice Pizza,Westworld,The Morning Show,Truth Be Told,The Survivor,The Forever Purge,General Hospital,S.W.A.T.,Wrath of Man,Station 19,WandaVision,Mank,Tenet,Perry Mason,The Rental,The Call of the Wild,Birds of Prey,Bad Boys for Life,Shameless,Snowfall,Spider-Man: Far from Home,Big Little Lies,Barry,Sunny Daze,Magnum P.I.,Captain Marvel,I Am the Night,True Detective,SEAL Team,Hawaii Five-0,Sorry for Your Loss,Cloak & Dagger,Annora,Counterpart,Criminal Minds,Future Man,Walk the Prank,Get Shorty,Love,Live by Night,Patriots Day,Jack Reacher: Never Go Back,Jason Bourne,Animal Kingdom,The Bronx Bull,Central Intelligence,Hands of Stone,Nina,Rush Hour,Idiotsitter,Bosch,Papa Hemingway in Cuba,Black Mass,Scorpion,Scandal,Stalker,Teen Wolf,Revolution,Brooklyn Nine-Nine,Eagleheart,Marvel One-Shot: Agent Carter,Now You See Me,Touch,Banshee,Gangster Squad,No Love Lost,Vegas,NCIS: Los Angeles,21 Jump Street,Chuck,Breaking Bad,The Fighter,Undercovers,CSI: NY,Black Gloves,Angels & Demons,Meteor,Moonlight,Days of Our Lives,Dragon Wars: D-War,Crossing Jordan,Sleeper Cell,Heist,Numb3rs,Rent,Charmed,Hope's Choice,10-8: Officers on Duty,Alias,Cold Case"
Yuri Kolokolnikov,"Woland,Bender: The Final Hustle,Voskresenskiy,We,Bender: Gold of the Empire,Petrov's Flu,Bender: The Beginning,Besprintsipnye,The Terrible,Silver Skates,Tenet,6 Underground,The Ninth,Iron Mask,Krylya Imperii,The Humorist,The Americans,Obratnyy otschyot,Hunter Killer,About Love. For Adults Only,The Hitman's Bodyguard,Stratton,Vy vse menya besite,Pyanaya firma,The Duelist,Zavtrak u papy,Ozabochennye, ili Lyubov zla,The Method,The Transporter Refueled,About Love,Mädchen im Eis,The Seventh Rune,Lyubit ne lyubit,Mama daragaya!,Iron Ivan,Game of Thrones,Bestsennaya lyubov,Odessit,Intimate Parts,Rasputin,V tvoikh glazakh,Blyuz-kafe,Schastlivyy konets,Attack on Leningrad,Sobytie,Koshechka,Obrechyonnye na voynu,Na more!,Plus One,Open Air,Kuka,Besy,Geroy nashego vremeni,Reklamnaya pauza,Kinofestival, ili Portveyn Eyzenshteyna,Heaven on Earth,Uboynaya sila,The State Counsellor,Woman Is... a Tough Person,Velvet Revolution,The Iris Effect,Grecheskie kanikuly,The State Counsellor,Uzkiy most,Deti Arbata,The Burning Land,The Murderer's Diary,Kino pro kino,Ledi na den,Spetsialnyy reportazh, ili Supermen etogo dnya,Musorshchik,V avguste 44-go,The Envy of Gods,Retro vtroyom"
Jeremy Theobald,"Custodian,The Lost Wife,Celtic Cross,Tenet,Before You Go,Convergence,Atomic Apocalypse,The Five Wives & Lives of Melvyn Pfferberg,Fish!,Batman Begins,The Bill,Following,Doodlebug,Larceny"
Robert Pattinson,"The Batman,The Devil All the Time,Tenet,Dior: I'm your Man - Dior Homme,Waiting for the Barbarians,The King,The Lighthouse,High Life,Damsel,Oneohtrix Point Never: The Pure and the Damned,Fear & Shame,Good Time,The Lost City of Z,Dior: Dior Homme Intense City,The Childhood of a Leader,Life,Queen of the Desert,Maps to the Stars,The Rover,Dior: 1000 Lives - Dior Homme,The Twilight Saga: Breaking Dawn - Part 2,Cosmopolis,Bel Ami,The Twilight Saga: Breaking Dawn - Part 1,Water for Elephants,Love & Distrust,The Twilight Saga: Eclipse,Remember Me,The Twilight Saga: New Moon,The Summer House,Twilight,Little Ashes,How to Be,The Bad Mother's Handbook,The Haunted Airman,Harry Potter and the Goblet of Fire,Sword of Xanten,Vanity Fair"
Josh Stewart,"The Collected,The Rookie,Tenet,Criminal Minds,Back Fork,The Mustang,The Punisher,Discarnate,Malicious,Shooter,Insidious: The Last Key,War Machine,The Neighbor,Cold Moon,The Finest Hours,No Names,Interstellar,Hysteria,Transcendence,The Hunted,Alpha Alert,Grimm,The Walking Dead: Webisodes,The Collection,The Dark Knight Rises,Rehab,No Ordinary Family,Miami Medical,Beneath the Dark,Ghost Whisperer,The Mentalist,Law Abiding Citizen,The Collector,Southland,CSI: Miami,The Curious Case of Benjamin Button,The Haunting of Molly Hartley,Raising the Bar,ER,Dirt,Jekyll,Bobby Z,Lenexa, 1 Mile,Third Watch,CSI: Crime Scene Investigation,Then Came Jones"
Clémence Poésy,"The Essex Serpent,En thérapie,Tenet,Resistance,Beyond the Horizon,The Tears Thing,Genius,The Tunnel,Little Tito and the Aliens,Grizzly Bear: Mourning Sound,Final Portrait,Demain tout commence,The Tunnel: Sabotage - Deleted Scenes,7 Minutes,The Ones Below,Le grand jeu,GHB: To Be or Not to Be,Metamorphosis,Last Love,Karaoke!,Hopper Stories,The Capsule,The Hollow Crown,Birdsong,Harry Potter and the Deathly Hallows: Part 2,The Silence of Joan,Harry Potter and the Deathly Hallows: Part 1,Lullaby for Pi,Gossip Girl,127 Hours,Pièce montée,Heartless,Blanche,The Third Part of the World,In Bruges,The Last Gang,War and Peace,Sans moi,Le grand Meaulnes,Les amants du Flore,Harry Potter and the Goblet of Fire,Revelations,Gunpowder, Treason & Plot,Welcome to the Roses,Carnets d'ado,Olga's Summer,Tania Boréalis ou L'étoile d'un été,Petite soeur,Les monos,Un homme en colère"
Denzil Smith,"Schirkoa,Woh Aadmi Bahut Kuch Jaanta Tha,Paranormal Worlds: Based On True Events,Penthouse,Bellbottom,ICU,Silence: Can You Hear It,Tenet,I Am Alone, So Are You...,The Good Karma Hospital,Beecham House,Mind The Malhotras,Skyfire,Delhi Crime,Badla,Made in Heaven,Photograph,Bombairiya,Baazaar,Happy Phirr Bhag Jayegi,Naa Peru Surya Naa Illu India,Aksar 2,Black Widow: A Land Bleeds,Szoya the Black Widow,Baadshaho,Manjha,Jagga Jasoos,Naam Shabana,P.O.W. Bandi Yuddh Ke,Viceroy's House,Ishq Forever,Brahman Naman,Phantom,Bombay Velvet,The Second Best Exotic Marigold Hotel,Dad... Hold My Hand!,Zid,Points of Origin,O Teri,Samvidhaan: The Making of the Constitution of India,Going Away,The Coffin Maker,John Day,The Lunchbox,Ballad of Rustom,Hanuman the Immortal 2,The Best Exotic Marigold Hotel,Tripura,Impatient Vivek,Lamhaa: The Untold Story of Kashmir,Chase,Shaurya,Mumbai Salsa,Frozen,One Night with the King,The Memsahib,Ek Ajnabee,Rog,Shobhayatra,Paap,Everyman,Mango Souffle,Pyaar Ishq Aur Mohabbat,The Return of Sandokan"
Martin Donovan,"Archive 81,Crisis,Firefly Lane,Redemption Day,Percy Vs Goliath,Tenet,Dead Still,Nancy Drew,White Lie,The Art of Racing in the Rain,Another Life,Big Little Lies,Come to Daddy,Carter,Fahrenheit 451,Lethal Weapon,Beyond,Status Update,Law & Order: Special Victims Unit,Electric Dreams,The Lost Wife of Robert Durst,Indian Horse,Aftermath,Rememory,Conviction,All at Once,DC's Legends of Tomorrow,Second Chance,Unforgettable,Rogue,Ant-Man,Inherent Vice,The Lottery,Ned Rifle,Sabotage,Motive,Hannibal,Homeland,Nurse,King & Maxwell,The Selection,Silent Hill: Revelation,Boss,The Reluctant Fundamentalist,The Listener,The Firm,Collaborator,Unnatural History,Unthinkable,Shadows & Lies,Everything She Ever Wanted,Duress,The Haunting in Connecticut,Fear Itself,The Alphabet Killer,Ghost Whisperer,Remember Back, Remember When,The Dead Zone,Wind Chill,Masters of Horror,Weeds,Day on Fire,The Sentinel,Law & Order,The Visitation,The Garage,At Last,The Quiet,Dark Shadows,The Pornographer: A Love Story,White Like Me,Traffic,Saved!,CSI: Crime Scene Investigation,Agent Cody Banks,The United States of Leland,RFK,Pasadena,Insomnia,Pipe Dream,Amy & Isabelle,Wonderland,Desire,Custody of the Heart,The Great Gatsby,In a Savage Land,Onegin,The Hunt for the Unicorn Killer,Living Out Loud,Spanish Fly,Heaven,When Trumpets Fade,Rescuers: Stories of Courage: Two Couples,The Book of Life,The Opposite of Sex,Night Sins,The Portrait of a Lady,Hollow Reed,Flirt,Nadja,The Rook,Amateur,Flirt,South Beach,Scam,Quick,The Adventures of Pete & Pete,Malcolm X,Simple Men,Surviving Desire,Crack Me Up,Trust,Leg Work,At Mother's Request,Hard Choices,King's Crossing"
Dimple Kapadia,"Pathan,A Thursday,Untitled Luv Ranjan Film,Brahmastra,Dilli,Tandav,Tenet,Angrezi Medium,Dabangg 3,Welcome Back,Bombay Mittai,Gollu Aur Pappu,The Shaukeens,Finding Fanny,Fugly,What the Fish,Cocktail,Society Kaam Se Gayi,Patiala House,Dabangg,Tum Milo Toh Sahi,Luck by Chance,Phir Kabhi,The Blue Elephant,Banaras,Being Cyrus,Pyaar Mein Twist,Hum Kaun Hai?,Leela,Dil Chahta Hai,Hum Tum Pe Marte Hain,Laawaris,2001: Do Hazaar Ek,Share Bazaar,Mrityudaata,Agnichakra,Pathreela Raasta,Krantiveer,Antareen,Gunaah,Gardish,Rudaali,Aaj Kie Aurat,Maarg,Dil Aashna Hai (...The Heart Knows),Angaar,Karmyoddha,Haque,Mast Kalandar,Narasimha,Prahaar: The Final Attack,Ranbhoomi,Ajooba,Dushman Devta,Khoon Ka Karz,Aag Ka Gola,Jai Shiv Shankar,Kali Ganga,Drishti,Pati Parmeshwar,Lekin...,Pyar Ke Naam Qurban,Naya Andaz,Action,Ladaai,Shehzaade,Sikka,Batwara,Touhean,Bees Saal Baad,Ram Lakhan,Aakhri Adaalat,Gunahon Ka Faisla,Mera Shikar,Saazish,Vozvrashchenie bagdadskogo vora,Ganga Tere Desh Mein,Zakhmi Aurat,Mahaveera,Kabzaa,Kaash,Insaaf,Insaniyat Ke Dushman,Allah-Rakha,Janbaaz,Vikram,Saagar,Pataal Bhairavi,Arjun,Aitbaar,Lava,Zakhmi Sher,Manzil Manzil,Bobby"
Wes Chatham,"The Expanse,Tenet,Escape Plan 2: Hades,The Night Shift,Hand of God,A Bunch of Dicks,All I See Is You,The Hunger Games: Mockingjay - Part 2,Broken Horses,The Hunger Games: Mockingjay - Part 1,The Town That Dreaded Sundown,Baby Bleed,This Thing with Sarah,Armed Response,The Mentalist,Political Animals,The Philly Kid,The Help,Husk,The Unit,W.,In the Valley of Elah,Barbershop,Sleeper Cell,The Fighting Temptations"
Sander Rebane,"Tenet,Astrid,Kättemaksukontor,The Secret Society of Souptown,Vabad mehed,Zero Point"
John David Washington,"The Piano Lesson,True Love,Untitled David O. Russell,Beckett,Malcolm & Marie,Tenet,Ballers,The Old Man & the Gun,BlacKkKlansman,Monster,Monsters and Men,Love Beats Rhymes,Seven Bucks Digital Studios,Devil in a Blue Dress,Malcolm X"
Jonathan Camp,"Obscura,The Lurking Fear,The Curse of the Clown Motel,Nova Vita,Tenet,Bosch,Defeated,StartUp,A-X-L,Westworld,American Fright Fest,S.W.A.T.,Six,Major Crimes,Shattered,Brooklyn Nine-Nine,Inconceivable,Criminal Minds,Paradox,Agents of S.H.I.E.L.D.,Scandal,The Messengers,2Survive,Expecting,Aftermath,TAG: The Series,Missing at 17,NCIS: Los Angeles,Southland,Justified,Awesome Girl Gang Street Fighter,Off the Grid,Dexter,NCIS,CSI: Crime Scene Investigation,Saltwater,Fatal Encounters,The Death of Love,The Program,Stained Glass Windows,Smoke,Vitreous Floaters,The Sensei,Don't Call Me"
Rich Ceraulo Ko,"Heel,CSI: Vegas,Along Came Wanda,The Boy Behind the Door,Tenet,Grey's Anatomy,Find What You Love and Let It Kill You,No Matter What,Pearson,L.A.'s Finest,Fanboy,Adopt a Highway,Magnum P.I.,Girl Trip,NCIS,S.W.A.T.,The Presets: Do What You Want,Yoshua,Halt and Catch Fire,Hawaii Five-0,The Walking Dead,Supergirl,General Hospital,CSI: Crime Scene Investigation,Agents of S.H.I.E.L.D.,Shockwave: Darkside,Dinner at 40,Bones,The Bling Ring,Parenthood,Southland,Turbo Dates,Wildlife,Glee,Better with You,No Ordinary Family,The Mean Bean,90210,Employed,Life's Chronicles,Political Disasters,Blood Night: The Legend of Mary Hatchet,Sonny with a Chance,Extreme Movie,Singularity,The High Road,Death Sentence,Ned's Declassified School Survival Guide,Tony Heard a Gunshot,Three,Jellysmoke,Jack & Bobby,Law & Order: Special Victims Unit,Whiskey River, NYC"
Michael Caine,"Now You See Me 3,The Great Escaper,Medieval,Best Sellers,Twist,Tenet,Four Kids and It,Come Away,King of Thieves,Sherlock Gnomes,Dunkirk,Dear Dictator,Going in Style,Now You See Me 2,The Last Witch Hunter,GivingTales,Youth,Kingsman: The Secret Service,Interstellar,Stonehearst Asylum,Last Love,Now You See Me,The Dark Knight Rises,Journey 2: The Mysterious Island,Cars 2,Gnomeo & Juliet,Inception,Harry Brown,Is Anybody There?,The Dark Knight,Flawless,Sleuth,The Prestige,Children of Men,The Weather Man,Bewitched,Batman Begins,Batman Begins,Around the Bend,Freedom: A History of US,The Statement,Secondhand Lions,The Actors,Quicksand,On the Set Gag Reel,The Quiet American,Austin Powers in Goldmember,Last Orders,Miss Congeniality,Get Carter,Shiner,Quills,The Debtors,The Cider House Rules,It All Came True,Little Voice,Shadow Run,20,000 Leagues Under the Sea,Mandela and de Klerk,Blood and Wine,Midnight in Saint Petersburg,Bullet to Beijing,World War II: When Lions Roared,On Deadly Ground,The Muppet Christmas Carol,Blue Ice,Noises Off...,Bullseye!,Mr. Destiny,A Shock to the System,Jekyll and Hyde,Dirty Rotten Scoundrels,Without a Clue,Jack the Ripper,Surrender,Jaws: The Revenge,The Fourth Protocol,The Whistle Blower,Half Moon Street,Mona Lisa,Sweet Liberty,Hannah and Her Sisters,The Holcroft Covenant,Water,Madness: Michael Caine,Blame It on Rio,The Jigsaw Man,Beyond the Limit,Educating Rita,Deathtrap,Victory,The Hand,Dressed to Kill,The Island,Beyond the Poseidon Adventure,Ashanti,California Suite,The Swarm,A Bridge Too Far,Silver Bears,The Eagle Has Landed,Harry and Walter Go to New York,Peeper,The Man Who Would Be King,The Romantic Englishwoman,The Wilby Conspiracy,The Destructors,The Black Windmill,Sleuth,Pulp,X, Y and Zee,Kidnapped,Get Carter,The Last Valley,Simon Simon,Too Late the Hero,Rowan & Martin's Laugh-In,The Battle of Britain,The Italian Job,ITV Sunday Night Theatre,Male of the Species,Play Dirty,The Magus,Deadfall,Billion Dollar Brain,Woman Times Seven,Hurry Sundown,Funeral in Berlin,Gambit,The Wrong Box,Alfie,The Ipcress File,ITV Play of the Week,Hamlet at Elsinore,Zulu,First Night,The Wrong Arm of the Law,Solo for Sparrow,The Edgar Wallace Mystery Theatre,Drama 61-67,BBC Sunday-Night Play,The Day the Earth Caught Fire,The Younger Generation,Storyboard,The Compartment,Armchair Theatre,Walk a Crooked Mile,The Bulldog Breed,Foxhole in Cairo,No Wreath for the General,Golden Girl,Deadline Midnight,Knight Errant Limited,William Tell,Dixon of Dock Green,Breakout,Television Playwright,Room 43,The Two-Headed Spy,Blind Spot,BBC Sunday-Night Theatre,The Key,A Woman of Mystery,The Vise,Navy Log,Carve Her Name with Pride,Mister Charlesworth,Escape,How to Murder a Rich Uncle,The Steel Bayonet,Blood Money,The Crime of the Century,The Adventures of Sir Lancelot,Hell in Korea,Panic in the Parlor,Morning Departure"
Jefferson Hall,"House of the Dragon,Angelyne,Tenet,Devs,Skin Walker,Living the Dream,Halloween,Silent Witness,Taboo,Barbarians Rising,Beowulf: Return to the Shieldlands,Star Wars: Episode VII - The Force Awakens,The Operative,Vikings,Our World War,Two Doors Down,Wizards vs. Aliens,Ryse: Son of Rome,Holby City,Meconium,Powder,Game of Thrones,Doctors,Bloody Foreigners,DiD,Sherlock Holmes,Emma,Breaking the Mould,Clone,The Disappeared,Coming Up,The Bill,Clapham Junction,The Afternoon Play,Casualty,Green Street Hooligans"
Andrew Howard,"Kupu Kupu,Egg Soldier,Mayor of Kingstown,The Night Passenger,Songbird,Two Distant Strangers,The American King,Tenet,Perry Mason,Watchmen,The Outpost,Anna,The Oath,Truth or Dare,Beddgelert: Gelert's Grave,The Brave,CHIPS,24: Legacy,True Memoirs of an International Assassin,Crow,Hell on Wheels,Bates Motel,Agent X,Agents of S.H.I.E.L.D.,Proof,The Lizzie Borden Chronicles,Unbelief,Taken 3,Bipolar,Squatters,The Blacklist,Under Milk Wood,Banshee,The After,Elementary,Ironside,Boardwalk Empire,Copper,NCIS: Los Angeles,MoniKa,Junkie,Hatfields & McCoys,Girls Against Boys,My Left Hand Man,Burn Notice,The Hangover Part II,Law & Order: Special Victims Unit,Limitless,CSI: Crime Scene Investigation,Luster,Isle of Dogs,I Spit on Your Grave,Pig,Hellhounds,Transformers: Revenge of the Fallen,Blood River,Lucky Chance,Love Me Still,Heroes and Villains,Suspect,The Devil's Chair,Cassandra's Dream,The Last Drop,Revolver,Heights,One Perfect Day,The Lion in Winter,Hearts of Gold,Below,Moonlight,Outside the Rules,Shooters,Band of Brothers,Mr In-Between,Rancid Aluminum,The Cherry Orchard,Shades,North West One,Y,Drovers' Gold,Wales Playhouse,The Lifeboat,Law and Disorder"
Ivo Uukkivi,"Child Machine,Infinite Summer,Tulejoonel,Kratt,Rain,Tenet,Mihkel,Svingerid,When You Least Expect It,Yuriko san no ehon,The Spy and the Poet,The Polar Boy,Nadja,1944,Alpimaja,Bad Hair Friday,Nähtamatu naine,Kelgukoerad,Tere! Mina olen Tom,Pealpool pilvi,The Second Coming,Kinnunen,Battle for Finland,Where Souls Go,Autumn Ball,Taksirengit,Set Point,Viimane öö,Somnambulance,Kodu keset linna,Dear Mister Moon,V.E.R.I.,Jüri Rumm,The Firewater,Darkness in Tallinn,Hysteria"
